lecturerID,name,school,email,phoneNumber
1,Tony Sahama,Electrical Engineering and Computer Science,iab130@qut.edu.au,0725363788
2,Anthony Deacon,Electrical Engineering and Computer Science,,0726383949
3,Prakash Bandari,Electrical Engineering and Computer Science,,0733556372
4,Harry Scells,Electrical Engineering and Computer Science,,0792878333
5,Daniel Locke,Electrical Engineering and Computer Science,,0733382939
6,Amanda Jarvinen,Electrical Engineering and Computer Science,,0726383933
7,Jimmy Jimmy,Electrical Engineering and Computer Science,,0711324252
8,Guido Zuccon,Electrical Engineering and Computer Science,g.zuccon@qut.edu.au,0732321111